SKU/URL,SIZE
554728-078,36
https://restocks.net/nl/p/nike-dunk-low-fleece-burgundy-crush,36
CW1590-100,"36,5"
CT3839-100,"37,5"
https://restocks.net/nl/p/air-jordan-1-low-ice-blue-gs,37.5
https://restocks.net/nl/p/nike-dunk-low-tan-suede,37.5
GX6947,38
DN1431-103,"38,5"
BQ6472-501,"38,5"
https://restocks.net/nl/p/nike-dunk-low-fleece-green,39
DD1503-101,39
DC0774-042,39
https://restocks.net/nl/p/air-jordan-4-retro-midnight-navy-gs,39
GSB550PB,39
DX9276-100,40
https://restocks.net/nl/p/nike-dunk-low-dark-driftwood,40
https://restocks.net/nl/p/nike-air-force-1-low-07-white-phyton-w,40
DB2179-400,40
DD1503-101,"40,5"
https://restocks.net/nl/p/skate-like-a-girl-x-nike-sb-dunk-low-barely-rose,40.5
https://restocks.net/nl/p/air-jordan-1-mid-ice-blue-gs,41
https://restocks.net/nl/p/nike-dunk-low-sesame,41
DD1391-100,"42,5"
https://restocks.net/nl/p/nike-dunk-low-retro-white-grey,42.5
https://restocks.net/nl/p/nocta-x-nike-air-force-1-low-certified-lover-boy,43
https://restocks.net/nl/p/nike-dunk-low-bone-beige,44
https://restocks.net/nl/p/titan-x-air-jordan-2-low-coconut-milk,44
FZ5897,"44,5"
https://restocks.net/nl/p/nike-dunk-low-chenille-swoosh-black-grey,44.5
DD1391-100,45
https://restocks.net/nl/p/air-jordan-1-mid-lakers,45
https://restocks.net/nl/p/air-jordan-1-low-se-christmas,46
https://restocks.net/nl/p/nike-dunk-low-next-nature-dark-red,46