URL,Size
https://restocks.net/nl/p/adidas-yeezy-boost-350-v2-mono-cinder,42.5
https://restocks.net/nl/p/adidas-yeezy-foam-rnnr-stone-sage,43
https://restocks.net/nl/p/adidas-yeezy-foam-rnnr-stone-sage,46
https://restocks.net/nl/p/adidas-yeezy-foam-rnnr-sulfur,39
https://restocks.net/nl/p/adidas-yeezy-slide-black-onyx,39
https://restocks.net/nl/p/adidas-yeezy-slide-black-onyx,39
https://restocks.net/nl/p/adidas-yeezy-slide-black-onyx,39
https://restocks.net/nl/p/air-jordan-1-high-og-seafoam-w,36.5
https://restocks.net/nl/p/air-jordan-1-high-sail-light-bone-goretex,46
https://restocks.net/nl/p/air-jordan-1-low-bred-toe,43
https://restocks.net/nl/p/air-jordan-1-low-bred-toe-gs,36.5
https://restocks.net/nl/p/air-jordan-1-low-bred-toe-gs,36.5
https://restocks.net/nl/p/air-jordan-1-low-bred-toe-gs,36.5
https://restocks.net/nl/p/air-jordan-1-low-easter-pastel-tie-dye-gs,39
https://restocks.net/nl/p/air-jordan-1-low-marina-blue-w,36.5
https://restocks.net/nl/p/air-jordan-1-low-unc-2021,44.5
https://restocks.net/nl/p/air-jordan-1-mid-light-smoke-grey-anthracite,42
https://restocks.net/nl/p/air-jordan-1-mid-light-smoke-grey-anthracite,40
https://restocks.net/nl/p/air-jordan-1-mid-light-smoke-grey-anthracite,40
https://restocks.net/nl/p/air-jordan-1-mid-light-smoke-grey-anthracite,41
https://restocks.net/nl/p/air-jordan-1-mid-light-smoke-grey-anthracite,45
https://restocks.net/nl/p/air-jordan-1-mid-paris,41
https://restocks.net/nl/p/air-jordan-1-mid-pastel-black-toe-gs,38.5
https://restocks.net/nl/p/air-jordan-1-mid-root-brown-gs,36
https://restocks.net/nl/p/air-jordan-1-mid-se-particle-grey-w,36.5
https://restocks.net/nl/p/air-jordan-1-mid-se-particle-grey-w,36.5
https://restocks.net/nl/p/air-jordan-1-mid-se-particle-grey-w,36.5
https://restocks.net/nl/p/air-jordan-1-mid-se-zen-master-gs,39
https://restocks.net/nl/p/air-jordan-1-mid-shadow-red-gs,36
https://restocks.net/nl/p/air-jordan-1-retro-high-electro-orange,44.5
https://restocks.net/nl/p/air-jordan-1-retro-high-element-gore-tex,43
https://restocks.net/nl/p/air-jordan-1-retro-high-og-atmosphere-w,42.5
https://restocks.net/nl/p/air-jordan-1-retro-high-og-hand-crafted,44.5
https://restocks.net/nl/p/air-jordan-1-retro-high-og-stage-haze,44
https://restocks.net/nl/p/air-jordan-1-retro-high-og-stage-haze,43
https://restocks.net/nl/p/air-jordan-1-retro-high-satin-snake-chicago-w,39
https://restocks.net/nl/p/air-jordan-1-retro-high-silver-toe-w,42.5
https://restocks.net/nl/p/air-jordan-1-retro-high-silver-toe-w,42.5
https://restocks.net/nl/p/air-jordan-3-retro-fragment,42.5
https://restocks.net/nl/p/air-jordan-4-retro-military-black,42
https://restocks.net/nl/p/air-jordan-4-retro-military-black,42
https://restocks.net/nl/p/air-jordan-4-retro-military-black,42.5
https://restocks.net/nl/p/air-jordan-4-retro-shimmer-w,36.5
https://restocks.net/nl/p/air-jordan-4-retro-shimmer-w,40
https://restocks.net/nl/p/air-jordan-4-retro-shimmer-w,44
https://restocks.net/nl/p/air-jordan-6-retro-unc-white,42.5
https://restocks.net/nl/p/new-balance-2002r-nightwatch-green,44.5
https://restocks.net/nl/p/new-balance-2002r-nightwatch-green,42.5
https://restocks.net/nl/p/new-balance-2002r-nightwatch-green,42.5
https://restocks.net/nl/p/new-balance-2002r-nightwatch-green,42.5
https://restocks.net/nl/p/new-balance-2002r-protection-pack-mirage-grey,42.5
https://restocks.net/nl/p/new-balance-550-au-lait-w,43
https://restocks.net/nl/p/new-balance-550-au-lait-w,42.5
https://restocks.net/nl/p/new-balance-550-au-lait-w,40
https://restocks.net/nl/p/new-balance-550-cream-black,42.5
https://restocks.net/nl/p/new-balance-550-cream-black,42.5
https://restocks.net/nl/p/new-balance-550-cream-black,39.5
https://restocks.net/nl/p/new-balance-550-sea-salt-black,42.5
https://restocks.net/nl/p/new-balance-550-silver-birch,40.5
https://restocks.net/nl/p/new-balance-550-silver-birch,38
https://restocks.net/nl/p/new-balance-550-silver-birch,40
https://restocks.net/nl/p/new-balance-550-silver-birch,40.5
https://restocks.net/nl/p/new-balance-550-syracuse,42
https://restocks.net/nl/p/new-balance-550-syracuse,45
https://restocks.net/nl/p/new-balance-550-syracuse,45.5
https://restocks.net/nl/p/new-balance-550-syracuse,44.5
https://restocks.net/nl/p/new-balance-550-syracuse,42
https://restocks.net/nl/p/new-balance-550-syracuse,42
https://restocks.net/nl/p/new-balance-550-unc-white-university-blue,38.5
https://restocks.net/nl/p/new-balance-550-unc-white-university-blue,37
https://restocks.net/nl/p/new-balance-550-unc-white-university-blue,38.5
https://restocks.net/nl/p/new-balance-550-unc-white-university-blue,36
https://restocks.net/nl/p/new-balance-550-unc-white-university-blue,43
https://restocks.net/nl/p/new-balance-550-white-dark-grey,42.5
https://restocks.net/nl/p/new-balance-550-white-dark-grey,42
https://restocks.net/nl/p/new-balance-550-white-dark-grey,43
https://restocks.net/nl/p/new-balance-550-white-green,46.5
https://restocks.net/nl/p/new-balance-550-white-green,45
https://restocks.net/nl/p/nike-air-force-1-mid-stussy-fossil,42.5
https://restocks.net/nl/p/nike-air-max-1-travis-scott-baroque-brown,42.5
https://restocks.net/nl/p/nike-dunk-high-aluminum-w,37.5
https://restocks.net/nl/p/nike-dunk-high-black-white,42.5
https://restocks.net/nl/p/nike-dunk-high-black-white-2021,42.5
https://restocks.net/nl/p/nike-dunk-high-black-white-2021,42.5
https://restocks.net/nl/p/nike-dunk-high-black-white-2021,38.5
https://restocks.net/nl/p/nike-dunk-high-black-white-2021,42.5
https://restocks.net/nl/p/nike-dunk-high-black-white-2021,43
https://restocks.net/nl/p/nike-dunk-low-archeo-pink-w,40
https://restocks.net/nl/p/nike-dunk-low-archeo-pink-w,40.5
https://restocks.net/nl/p/nike-dunk-low-archeo-pink-w,35.5
https://restocks.net/nl/p/nike-dunk-low-coconut-milk,42.5
https://restocks.net/nl/p/nike-dunk-low-dark-marina-blue,44
https://restocks.net/nl/p/nike-dunk-low-free-99-black,43
https://restocks.net/nl/p/nike-dunk-low-free-99-black,43
https://restocks.net/nl/p/nike-dunk-low-grey-fog,46
https://restocks.net/nl/p/nike-dunk-low-light-violet-w,36
https://restocks.net/nl/p/nike-dunk-low-next-nature-white-gym-red-w,41
https://restocks.net/nl/p/nike-dunk-low-next-nature-white-gym-red-w,36.5
https://restocks.net/nl/p/nike-dunk-low-next-nature-white-gym-red-w,38
https://restocks.net/nl/p/nike-dunk-low-next-nature-white-gym-red-w,37.5
https://restocks.net/nl/p/nike-dunk-low-next-nature-white-gym-red-w,38
https://restocks.net/nl/p/nike-dunk-low-next-nature-white-gym-red-w,40
https://restocks.net/nl/p/nike-dunk-low-next-nature-white-gym-red-w,36.5
https://restocks.net/nl/p/nike-dunk-low-next-nature-white-gym-red-w,41
https://restocks.net/nl/p/nike-dunk-low-next-nature-white-gym-red-w,40
https://restocks.net/nl/p/nike-dunk-low-next-nature-white-gym-red-w,40
https://restocks.net/nl/p/nike-dunk-low-next-nature-white-gym-red-w,39
https://restocks.net/nl/p/nike-dunk-low-next-nature-white-gym-red-w,39
https://restocks.net/nl/p/nike-dunk-low-retro-white-black-2021,42.5
https://restocks.net/nl/p/nike-dunk-low-retro-white-black-gs,36.5
https://restocks.net/nl/p/nike-dunk-low-retro-white-black-gs,36.5
https://restocks.net/nl/p/nike-dunk-low-retro-white-black-gs,39
https://restocks.net/nl/p/nike-dunk-low-two-toned-grey-gs,36.5
https://restocks.net/nl/p/nike-dunk-low-two-toned-grey-gs,36.5
https://restocks.net/nl/p/nike-dunk-low-two-tone-grey,44
https://restocks.net/nl/p/nike-dunk-low-two-tone-grey,44.5
https://restocks.net/nl/p/nike-dunk-low-white-pink-gs,37.5
https://restocks.net/nl/p/nike-dunk-low-white-pink-gs,38.5